Initial temperature;Pressure;Fi;Autoignition time;Final temperature
;;;;
1300.0;;;;
;;;;
;101325.0;;;
;;;;
;;0.4;7.145500000000624;2312.9222620970786
;;;;
;;0.7000000000000001;9.288499999999626;2689.6968635491453
;;;;
;;1.0;11.073499999998317;2849.2577137946173
;;;;
;;1.3000000000000003;12.640499999997164;2879.7286853140263
;;;;
;;1.6;14.073499999996113;2807.766479655451
;;;;
;;1.9;15.42549999999512;2676.262978660231
;;;;
;;2.2;16.728499999996075;2523.814652270735
;;;;
;;2.5;18.00249999999735;2365.4660797872707
;;;;
;;2.8000000000000003;19.259499999998607;2206.6924370682013
;;;;
;;3.1;20.51049999999986;2052.411198799404
;;;;
;123841.0;;;
;;;;
;;0.4;6.0905000000004845;2314.7831979722237
;;;;
;;0.7000000000000001;7.911500000000641;2701.231726617888
;;;;
;;1.0;9.426499999999525;2865.768099702484
;;;;
;;1.3000000000000003;10.75449999999855;2896.007592236983
;;;;
;;1.6;11.970499999997656;2820.0468403304526
;;;;
;;1.9;13.117499999996816;2684.456240493041
;;;;
;;2.2;14.224499999996;2528.920258358626
;;;;
;;2.5;15.306499999995205;2368.3598521855783
;;;;
;;2.8000000000000003;16.376499999995723;2208.167236974918
;;;;
;;3.1;17.44149999999679;2052.6872732619877
;;;;
;146358.0;;;
;;;;
;;0.4;5.320500000000382;2316.3371525608673
;;;;
;;0.7000000000000001;6.904500000000592;2710.6734687491467
;;;;
;;1.0;8.220500000000412;2879.4510334146366
;;;;
;;1.3000000000000003;9.375499999999565;2909.4158590571724
;;;;
;;1.6;10.432499999998786;2829.9907412537336
;;;;
;;1.9;11.430499999998053;2690.9899358979005
;;;;
;;2.2;12.394499999997345;2532.937062230424
;;;;
;;2.5;13.337499999996654;2370.6086818010426
;;;;
;;2.8000000000000003;14.270499999995966;2209.30033204011
;;;;
;;3.1;15.199499999995286;2052.9387480035098
;;;;
;168875.0;;;
;;;;
;;0.4;4.731500000000303;2317.675328852805
;;;;
;;0.7000000000000001;6.13250000000049;2718.640459728282
;;;;
;;1.0;7.296500000000645;2891.1230108081063
;;;;
;;1.3000000000000003;8.317500000000342;2920.7888348939987
;;;;
;;1.6;9.253499999999654;2838.2995649444492
;;;;
;;1.9;10.138499999999002;2696.3786305565445
;;;;
;;2.2;10.993499999998376;2536.21277103124
;;;;
;;2.5;11.830499999997759;2372.424431772949
;;;;
;;2.8000000000000003;12.65849999999715;2210.2072798018803
;;;;
;;3.1;13.483499999996546;2053.1647121169594
;;;;
;191391.0;;;
;;;;
;;0.4;4.264500000000242;2318.8505299771577
;;;;
;;0.7000000000000001;5.5195000000004075;2725.514214945253
;;;;
;;1.0;6.562500000000547;2901.291819491065
;;;;
;;1.3000000000000003;7.478500000000668;2930.6449439599187
;;;;
;;1.6;8.31950000000034;2845.4040101033956
;;;;
;;1.9;9.114499999999754;2700.934281181883
;;;;
;;2.2;9.88249999999919;2538.95548384423
;;;;
;;2.5;10.63549999999864;2373.932122224606
;;;;
;;2.8000000000000003;11.38049999999809;2210.9551918158395
;;;;
;;3.1;12.123499999997547;2053.367660770161
;;;;
;213908.0;;;
;;;;
;;0.4;3.884500000000191;2319.896895301031
;;;;
;;0.7000000000000001;5.019500000000342;2731.5471261489047
;;;;
;;1.0;5.965500000000467;2910.2958889686483
;;;;
;;1.3000000000000003;6.796500000000578;2939.328953575917
;;;;
;;1.6;7.558500000000679;2851.5876416057545
;;;;
;;1.9;8.280500000000368;2704.859908172938
;;;;
;;2.2;8.978499999999855;2541.299102111055
;;;;
;;2.5;9.663499999999352;2375.2112713327797
;;;;
;;2.8000000000000003;10.341499999998856;2211.5862067817397
;;;;
;;3.1;11.016499999998357;2053.5505824621678
;;;;
;236425.0;;;
;;;;
;;0.4;3.5685000000001494;2320.8380266845948
;;;;
;;0.7000000000000001;4.604500000000288;2736.9134763075735
;;;;
;;1.0;5.468500000000402;2918.370311842267
;;;;
;;1.3000000000000003;6.228500000000503;2947.0799501245724
;;;;
;;1.6;6.926500000000595;2857.045479295921
;;;;
;;1.9;7.588500000000683;2708.293791005252
;;;;
;;2.2;8.228500000000405;2543.333968439803
;;;;
;;2.5;8.855499999999946;2376.3150277822774
;;;;
;;2.8000000000000003;9.47749999999949;2212.12820006241
;;;;
;;3.1;10.097499999999034;2053.716186471192
;;;;
;258941.0;;;
;;;;
;;0.4;3.301500000000114;2321.691259569954
;;;;
;;0.7000000000000001;4.25350000000024;2741.7389947615507
;;;;
;;1.0;5.048500000000346;2925.685675700637
;;;;
;;1.3000000000000003;5.748500000000439;2954.07110271634
;;;;
;;1.6;6.392500000000524;2861.917626168988
;;;;
;;1.9;7.002500000000605;2711.3343683129046
;;;;
;;2.2;7.593500000000683;2545.1238388641027
;;;;
;;2.5;8.173500000000448;2377.2805889402744
;;;;
;;2.8000000000000003;8.747500000000025;2212.6005072255853
;;;;
;;3.1;9.321499999999604;2053.8667958676356
;;;;
;281458.0;;;
;;;;
;;0.4;3.0725000000000833;2322.4699461921573
;;;;
;;0.7000000000000001;3.952500000000201;2746.1178458232525
;;;;
;;1.0;4.688500000000299;2932.3705221729656
;;;;
;;1.3000000000000003;5.337500000000384;2960.432611543706
;;;;
;;1.6;5.9345000000004635;2866.308526088431
;;;;
;;1.9;6.501500000000538;2714.0543709468243
;;;;
;;2.2;7.0505000000006115;2546.7154308587665
;;;;
;;2.5;7.588500000000683;2378.135003037192
;;;;
;;2.8000000000000003;8.122500000000484;2213.017077645723
;;;;
;;3.1;8.655500000000094;2054.0043832604747
;;;;
;303975.0;;;
;;;;
;;0.4;2.873500000000057;2323.1845009206295
;;;;
;;0.7000000000000001;3.6905000000001653;2750.1214086238983
;;;;
;;1.0;4.3755000000002555;2938.5226989363846
;;;;
;;1.3000000000000003;4.980500000000337;2966.263464184549
;;;;
;;1.6;5.53750000000041;2870.2970958488604
;;;;
;;1.9;6.066500000000481;2716.5083711836146
;;;;
;;2.2;6.578500000000549;2548.143566696919
;;;;
;;2.5;7.082500000000616;2378.8983070682593
;;;;
;;2.8000000000000003;7.580500000000682;2213.3881772357904
;;;;
;;3.1;8.079500000000516;2054.1305850432886
;;;;
1433.0;;;;
;;;;
;101325.0;;;
;;;;
;;0.4;1.5894999999999655;2398.9722970228368
;;;;
;;0.7000000000000001;1.9354999999999365;2738.8997347928425
;;;;
;;1.0;2.240499999999973;2884.1270979999467
;;;;
;;1.3000000000000003;2.5145000000000093;2918.1760383865176
;;;;
;;1.6;2.768500000000043;2863.8184093475707
;;;;
;;1.9;3.0115000000000753;2752.21319081841
;;;;
;;2.2;3.2455000000001064;2616.5879979627975
;;;;
;;2.5;3.476500000000137;2472.6175648481385
;;;;
;;2.8000000000000003;3.703500000000167;2326.031513811628
;;;;
;;3.1;3.9295000000001967;2179.8123869570404
;;;;
;123841.0;;;
;;;;
;;0.4;1.3564999999999854;2403.0089554684155
;;;;
;;0.7000000000000001;1.65849999999996;2751.8425256615615
;;;;
;;1.0;1.9234999999999374;2901.668902368328
;;;;
;;1.3000000000000003;2.1604999999999626;2935.8884189307614
;;;;
;;1.6;2.3814999999999915;2878.2582517329747
;;;;
;;1.9;2.5905000000000196;2762.705577565665
;;;;
;;2.2;2.7935000000000465;2623.781969606595
;;;;
;;2.5;2.992500000000073;2477.2046053078243
;;;;
;;2.8000000000000003;3.189500000000099;2328.694291593863
;;;;
;;3.1;3.384500000000125;2181.2177629596954
;;;;
;146358.0;;;
;;;;
;;0.4;1.1884999999999994;2406.246371533941
;;;;
;;0.7000000000000001;1.4574999999999767;2762.4748586427895
;;;;
;;1.0;1.692499999999957;2916.224349575972
;;;;
;;1.3000000000000003;1.9024999999999395;2950.526849358389
;;;;
;;1.6;2.096499999999954;2890.035340197913
;;;;
;;1.9;2.2814999999999785;2771.1480682462006
;;;;
;;2.2;2.4615000000000022;2629.498269798655
;;;;
;;2.5;2.6375000000000255;2480.805286801311
;;;;
;;2.8000000000000003;2.811500000000049;2330.7609542960527
;;;;
;;3.1;2.9835000000000718;2182.2991086109373
;;;;
;168875.0;;;
;;;;
;;0.4;1.0605000000000102;2408.9224308321513
;;;;
;;0.7000000000000001;1.3034999999999897;2771.474624502428
;;;;
;;1.0;1.514499999999972;2928.6534586019134
;;;;
;;1.3000000000000003;1.7034999999999558;2962.9804607936003
;;;;
;;1.6;1.8774999999999413;2899.9377118346906
;;;;
;;1.9;2.044499999999947;2778.1643123748904
;;;;
;;2.2;2.2054999999999683;2634.198656823426
;;;;
;;2.5;2.3634999999999895;2483.7361865346575
;;;;
;;2.8000000000000003;2.51950000000001;2332.4278565924596
;;;;
;;3.1;2.6755000000000306;2183.165607350757
;;;;
;191391.0;;;
;;;;
;;0.4;0.9605000000000169;2411.1862960410353
;;;;
;;0.7000000000000001;1.1814999999999998;2779.261096234989
;;;;
;;1.0;1.3734999999999837;2939.491636282545
;;;;
;;1.3000000000000003;1.5444999999999696;2973.8021841269756
;;;;
;;1.6;1.7034999999999558;2908.4517703712177
;;;;
;;1.9;1.8544999999999434;2784.1352980974652
;;;;
;;2.2;2.0014999999999414;2638.162146999524
;;;;
;;2.5;2.14549999999996;2486.1863346447785
;;;;
;;2.8000000000000003;2.287499999999979;2333.8107450108305
;;;;
;;3.1;2.428499999999998;2183.8807742713957
;;;;
;213908.0;;;
;;;;
;;0.4;0.8785000000000149;2413.1370845584966
;;;;
;;0.7000000000000001;1.0825000000000085;2786.1122774811984
;;;;
;;1.0;1.2584999999999935;2949.0960473400764
;;;;
;;1.3000000000000003;1.4154999999999802;2983.3604385274034
;;;;
;;1.6;1.5604999999999682;2915.8992876980187
;;;;
;;1.9;1.6994999999999563;2789.310683941387
;;;;
;;2.2;1.8344999999999452;2641.569790516824
;;;;
;;2.5;1.9664999999999366;2488.2771193130857
;;;;
;;2.8000000000000003;2.097499999999954;2334.9831512717633
;;;;
;;3.1;2.2264999999999713;2184.4845294320207
;;;;
;236425.0;;;
;;;;
;;0.4;0.8115000000000132;2414.8431364589746
;;;;
;;0.7000000000000001;0.9995000000000152;2792.2204927076546
;;;;
;;1.0;1.1615000000000015;2957.7149851261706
;;;;
;;1.3000000000000003;1.3074999999999892;2991.911108071036
;;;;
;;1.6;1.441499999999978;2922.5024408551476
;;;;
;;1.9;1.5704999999999674;2793.861497690131
;;;;
;;2.2;1.6944999999999568;2644.5446006307097
;;;;
;;2.5;1.8164999999999467;2490.090303462674
;;;;
;;2.8000000000000003;1.9374999999999363;2335.994169923269
;;;;
;;3.1;2.058499999999949;2185.0032996779946
;;;;
;258941.0;;;
;;;;
;;0.4;0.7535000000000117;2416.353436438263
;;;;
;;0.7000000000000001;0.9285000000000161;2797.724736124043
;;;;
;;1.0;1.0805000000000085;2965.5287408968115
;;;;
;;1.3000000000000003;1.215499999999997;2999.639808895494
;;;;
;;1.6;1.3404999999999867;2928.4214553145143
;;;;
;;1.9;1.4594999999999765;2797.9101508181147
;;;;
;;2.2;1.5754999999999666;2647.173949801443
;;;;
;;2.5;1.6894999999999571;2491.6835019875625
;;;;
;;2.8000000000000003;1.8024999999999478;2336.8781271362514
;;;;
;;3.1;1.9144999999999384;2185.455431548091
;;;;
;281458.0;;;
;;;;
;;0.4;0.7045000000000107;2417.7042996347973
;;;;
;;0.7000000000000001;0.8685000000000147;2802.7292972107466
;;;;
;;1.0;1.0095000000000143;2972.673262581906
;;;;
;;1.3000000000000003;1.1365000000000038;3006.686324407145
;;;;
;;1.6;1.2534999999999938;2933.776242299363
;;;;
;;1.9;1.3644999999999847;2801.54756419923
;;;;
;;2.2;1.4734999999999752;2649.522252654223
;;;;
;;2.5;1.5804999999999665;2493.0988724248396
;;;;
;;2.8000000000000003;1.6854999999999574;2337.659961131489
;;;;
;;3.1;1.7914999999999486;2185.8541750672944
;;;;
;303975.0;;;
;;;;
;;0.4;0.6625000000000096;2418.923011680407
;;;;
;;0.7000000000000001;0.8155000000000132;2807.313336336688
;;;;
;;1.0;0.9485000000000166;2979.2520885408717
;;;;
;;1.3000000000000003;1.0675000000000094;3013.157044050745
;;;;
;;1.6;1.1775000000000002;2938.657670800485
;;;;
;;1.9;1.2824999999999915;2804.8422419534886
;;;;
;;2.2;1.384499999999983;2651.6377581396323
;;;;
;;2.5;1.4844999999999746;2494.3678026438474
;;;;
;;2.8000000000000003;1.584499999999966;2338.3581323721096
;;;;
;;3.1;1.6834999999999576;2186.209294413692
;;;;
1566.0;;;;
;;;;
;101325.0;;;
;;;;
;;0.4;0.48850000000000543;2481.5577101084964
;;;;
;;0.7000000000000001;0.5415000000000066;2785.1696266015374
;;;;
;;1.0;0.5935000000000079;2918.1268957586763
;;;;
;;1.3000000000000003;0.6435000000000091;2954.4057798738827
;;;;
;;1.6;0.6915000000000102;2914.2271082885004
;;;;
;;1.9;0.7385000000000115;2820.781435081048
;;;;
;;2.2;0.7855000000000125;2701.653683129294
;;;;
;;2.5;0.8315000000000137;2572.4755298960363
;;;;
;;2.8000000000000003;0.8775000000000148;2439.2544297047552
;;;;
;;3.1;0.9235000000000159;2304.6767320521735
;;;;
;123841.0;;;
;;;;
;;0.4;0.4115000000000035;2487.2419639751906
;;;;
;;0.7000000000000001;0.4595000000000047;2799.4500784708675
;;;;
;;1.0;0.5065000000000058;2936.6864637070184
;;;;
;;1.3000000000000003;0.550500000000007;2973.437654291873
;;;;
;;1.6;0.5925000000000079;2930.661800953445
;;;;
;;1.9;0.634500000000009;2833.585035557352
;;;;
;;2.2;0.6755000000000099;2711.1396803940147
;;;;
;;2.5;0.7155000000000108;2579.138398165779
;;;;
;;2.8000000000000003;0.7565000000000119;2443.61086540985
;;;;
;;3.1;0.7965000000000129;2307.293332095242
;;;;
;146358.0;;;
;;;;
;;0.4;0.3585000000000022;2491.7838490899976
;;;;
;;0.7000000000000001;0.40150000000000324;2811.215319789889
;;;;
;;1.0;0.4445000000000043;2952.104035371627
;;;;
;;1.3000000000000003;0.48350000000000526;2989.208418240503
;;;;
;;1.6;0.5215000000000061;2944.144501204621
;;;;
;;1.9;0.5585000000000071;2843.968787946603
;;;;
;;2.2;0.5955000000000079;2718.7481949911908
;;;;
;;2.5;0.6315000000000088;2584.422619656148
;;;;
;;2.8000000000000003;0.6675000000000096;2447.0273987832225
;;;;
;;3.1;0.7035000000000106;2309.323933258459
;;;;
;168875.0;;;
;;;;
;;0.4;0.3175000000000012;2495.53800300466
;;;;
;;0.7000000000000001;0.3585000000000022;2821.1992091861366
;;;;
;;1.0;0.3965000000000031;2965.2820959621436
;;;;
;;1.3000000000000003;0.43350000000000405;3002.6567919841646
;;;;
;;1.6;0.46750000000000486;2955.539166187398
;;;;
;;1.9;0.5015000000000056;2852.6570628379513
;;;;
;;2.2;0.5345000000000065;2725.0543043786597
;;;;
;;2.5;0.5675000000000072;2588.760799220476
;;;;
;;2.8000000000000003;0.6005000000000081;2449.8063145838896
;;;;
;;3.1;0.6325000000000089;2310.9615771956646
;;;;
;191391.0;;;
;;;;
;;0.4;0.2865000000000005;2498.7191582098785
;;;;
;;0.7000000000000001;0.3245000000000014;2829.8565435080395
;;;;
;;1.0;0.3595000000000022;2976.783035401283
;;;;
;;1.3000000000000003;0.39350000000000307;3014.3675050544975
;;;;
;;1.6;0.4245000000000038;2965.3811251057955
;;;;
;;1.9;0.45550000000000457;2860.0951121507496
;;;;
;;2.2;0.4865000000000053;2730.4083743961096
;;;;
;;2.5;0.5165000000000061;2592.4138708221194
;;;;
;;2.8000000000000003;0.5465000000000069;2452.1279359308146
;;;;
;;3.1;0.5765000000000076;2312.320068991437
;;;;
;213908.0;;;
;;;;
;;0.4;0.26149999999999984;2501.466905119172
;;;;
;;0.7000000000000001;0.2965000000000007;2837.4894373264933
;;;;
;;1.0;0.3295000000000015;2986.9823492279297
;;;;
;;1.3000000000000003;0.36050000000000226;3024.7307668959556
;;;;
;;1.6;0.390500000000003;2974.0258012770983
;;;;
;;1.9;0.41850000000000365;2866.576353956172
;;;;
;;2.2;0.4475000000000044;2735.039438008247
;;;;
;;2.5;0.47550000000000503;2595.5508841515098
;;;;
;;2.8000000000000003;0.5035000000000057;2454.1079644569186
;;;;
;;3.1;0.5305000000000064;2313.471706464849
;;;;
;236425.0;;;
;;;;
;;0.4;0.24049999999999944;2503.8762336347104
;;;;
;;0.7000000000000001;0.2745000000000002;2844.3072046774214
;;;;
;;1.0;0.30550000000000094;2996.14125447825
;;;;
;;1.3000000000000003;0.33350000000000163;3034.0179265334687
;;;;
;;1.6;0.36150000000000226;2981.719340797778
;;;;
;;1.9;0.38850000000000295;2872.3027410293457
;;;;
;;2.2;0.4145000000000036;2739.1040747943402
;;;;
;;2.5;0.4405000000000042;2598.2865475179688
;;;;
;;2.8000000000000003;0.46650000000000486;2455.8242801912165
;;;;
;;3.1;0.49250000000000554;2314.464758416021
;;;;
;258941.0;;;
;;;;
;;0.4;0.22349999999999948;2506.01472729818
;;;;
;;0.7000000000000001;0.25449999999999967;2850.461336230172
;;;;
;;1.0;0.2845000000000004;3004.4495530463305
;;;;
;;1.3000000000000003;0.31150000000000105;3042.4260566638
;;;;
;;1.6;0.3375000000000017;2988.6397727371104
;;;;
;;1.9;0.3625000000000023;2877.4194670855422
;;;;
;;2.2;0.3865000000000029;2742.7141412605633
;;;;
;;2.5;0.4115000000000035;2600.7022359747343
;;;;
;;2.8000000000000003;0.4355000000000041;2457.3317272242093
;;;;
;;3.1;0.4595000000000047;2315.3329711355755
;;;;
;281458.0;;;
;;;;
;;0.4;0.20849999999999955;2507.9323104980213
;;;;
;;0.7000000000000001;0.23849999999999946;2856.065666132443
;;;;
;;1.0;0.26649999999999996;3012.0504596572105
;;;;
;;1.3000000000000003;0.2915000000000006;3050.1037587076958
;;;;
;;1.6;0.31650000000000117;2994.9207344173155
;;;;
;;1.9;0.33950000000000174;2882.034856196406
;;;;
;;2.2;0.3625000000000023;2745.952563419484
;;;;
;;2.5;0.3865000000000029;2602.857872548324
;;;;
;;2.8000000000000003;0.4085000000000034;2458.670413378004
;;;;
;;3.1;0.431500000000004;2316.1008590315555
;;;;
;303975.0;;;
;;;;
;;0.4;0.19649999999999956;2509.6664332644336
;;;;
;;0.7000000000000001;0.2244999999999995;2861.2066890131405
;;;;
;;1.0;0.25049999999999956;3019.053098944014
;;;;
;;1.3000000000000003;0.2745000000000002;3057.1642303811186
;;;;
;;1.6;0.2975000000000007;3000.66371881164
;;;;
;;1.9;0.3205000000000013;2886.2308049161065
;;;;
;;2.2;0.3425000000000018;2748.8817310104723
;;;;
;;2.5;0.3645000000000024;2604.7983005320843
;;;;
;;2.8000000000000003;0.38550000000000284;2459.870186164199
;;;;
;;3.1;0.4075000000000034;2316.786567414675
;;;;
1700.0;;;;
;;;;
;101325.0;;;
;;;;
;;0.4;0.18949999999999956;2557.966871997298
;;;;
;;0.7000000000000001;0.19549999999999954;2829.161789242118
;;;;
;;1.0;0.20449999999999954;2951.442582332363
;;;;
;;1.3000000000000003;0.2134999999999995;2988.982450315923
;;;;
;;1.6;0.2224999999999995;2960.1368394996043
;;;;
;;1.9;0.23249999999999948;2882.77590007747
;;;;
;;2.2;0.2434999999999994;2779.263427717716
;;;;
;;2.5;0.25449999999999967;2664.550075231984
;;;;
;;2.8000000000000003;0.26549999999999996;2545.025985846264
;;;;
;;3.1;0.2755000000000002;2423.218945341688
;;;;
;123841.0;;;
;;;;
;;0.4;0.15849999999999967;2565.3373896788
;;;;
;;0.7000000000000001;0.16449999999999967;2844.7255967278834
;;;;
;;1.0;0.17149999999999962;2971.011965916084
;;;;
;;1.3000000000000003;0.1794999999999996;3009.249609050905
;;;;
;;1.6;0.18849999999999958;2978.397301948249
;;;;
;;1.9;0.19749999999999954;2897.8196176017022
;;;;
;;2.2;0.20649999999999955;2791.121471366311
;;;;
;;2.5;0.21649999999999953;2673.54230278317
;;;;
;;2.8000000000000003;0.22549999999999945;2551.504636063112
;;;;
;;3.1;0.23549999999999943;2427.5950949454405
;;;;
;146358.0;;;
;;;;
;;0.4;0.13649999999999973;2571.267284551904
;;;;
;;0.7000000000000001;0.1414999999999997;2857.5788185643282
;;;;
;;1.0;0.14849999999999972;2987.286174624481
;;;;
;;1.3000000000000003;0.1564999999999997;3026.080321905089
;;;;
;;1.6;0.16449999999999967;2993.4482620748504
;;;;
;;1.9;0.17249999999999963;2910.102344217742
;;;;
;;2.2;0.1804999999999996;2800.7124059242574
;;;;
;;2.5;0.18949999999999956;2680.7443303563214
;;;;
;;2.8000000000000003;0.19749999999999954;2556.640266424507
;;;;
;;3.1;0.20649999999999955;2431.02837802316
;;;;
;168875.0;;;
;;;;
;;0.4;0.12049999999999976;2576.197247604038
;;;;
;;0.7000000000000001;0.12549999999999975;2868.5086258738106
;;;;
;;1.0;0.13249999999999976;3001.209322478615
;;;;
;;1.3000000000000003;0.1394999999999997;3040.4598011611797
;;;;
;;1.6;0.1464999999999997;3006.2209036068007
;;;;
;;1.9;0.15349999999999966;2920.439579799211
;;;;
;;2.2;0.16149999999999964;2808.7187036341134
;;;;
;;2.5;0.16849999999999965;2686.7061974696653
;;;;
;;2.8000000000000003;0.17649999999999963;2560.854750298215
;;;;
;;3.1;0.1844999999999996;2433.8217875883124
;;;;
;191391.0;;;
;;;;
;;0.4;0.10749999999999979;2580.395629540051
;;;;
;;0.7000000000000001;0.11249999999999978;2878.0036775229273
;;;;
;;1.0;0.11849999999999976;3013.370287464122
;;;;
;;1.3000000000000003;0.12549999999999975;3053.002584001291
;;;;
;;1.6;0.13249999999999976;3017.2939124027234
;;;;
;;1.9;0.13849999999999973;2929.3350293317503
;;;;
;;2.2;0.14549999999999969;2815.5589705775324
;;;;
;;2.5;0.15349999999999966;2691.7625975418923
;;;;
;;2.8000000000000003;0.16049999999999967;2564.402431367584
;;;;
;;3.1;0.16749999999999962;2436.156133980373
;;;;
;213908.0;;;
;;;;
;;0.4;0.09749999999999982;2584.0378387733367
;;;;
;;0.7000000000000001;0.10249999999999981;2886.3890818889727
;;;;
;;1.0;0.10849999999999979;3024.162581394455
;;;;
;;1.3000000000000003;0.11449999999999977;3064.119298205613
;;;;
;;1.6;0.12049999999999976;3027.0525659434893
;;;;
;;1.9;0.12749999999999972;2937.1221253209515
;;;;
;;2.2;0.13349999999999973;2821.5085297471746
;;;;
;;2.5;0.14049999999999974;2696.132073033162
;;;;
;;2.8000000000000003;0.1464999999999997;2567.448022673588
;;;;
;;3.1;0.15349999999999966;2438.147469213912
;;;;
;236425.0;;;
;;;;
;;0.4;0.08949999999999984;2587.243799778711
;;;;
;;0.7000000000000001;0.09449999999999983;2893.8903655514987
;;;;
;;1.0;0.09949999999999981;3033.860136024464
;;;;
;;1.3000000000000003;0.1054999999999998;3074.095785191637
;;;;
;;1.6;0.11149999999999978;3035.7642891655623
;;;;
;;1.9;0.11749999999999977;2944.03121816493
;;;;
;;2.2;0.12349999999999975;2826.7565736162273
;;;;
;;2.5;0.12949999999999973;2699.96389142659
;;;;
;;2.8000000000000003;0.1354999999999997;2570.1032517885824
;;;;
;;3.1;0.1424999999999997;2439.873930246178
;;;;
;258941.0;;;
;;;;
;;0.4;0.08249999999999987;2590.09921112469
;;;;
;;0.7000000000000001;0.08749999999999986;2900.6709445670995
;;;;
;;1.0;0.09249999999999983;3042.662119755822
;;;;
;;1.3000000000000003;0.09849999999999982;3083.1398504870767
;;;;
;;1.6;0.1034999999999998;3043.6229315603105
;;;;
;;1.9;0.10949999999999979;2950.2285132476004
;;;;
;;2.2;0.11449999999999977;2831.4389128045104
;;;;
;;2.5;0.12049999999999976;2703.3645922365663
;;;;
;;2.8000000000000003;0.12649999999999978;2572.4473546252057
;;;;
;;3.1;0.13249999999999976;2441.3905567631305
;;;;
;281458.0;;;
;;;;
;;0.4;0.07749999999999987;2592.66764656987
;;;;
;;0.7000000000000001;0.08149999999999986;2906.8537684090907
;;;;
;;1.0;0.08649999999999985;3050.7189102049197
;;;;
;;1.3000000000000003;0.09149999999999985;3091.4083552372012
;;;;
;;1.6;0.09649999999999982;3050.774346335575
;;;;
;;1.9;0.10249999999999981;2955.838463142301
;;;;
;;2.2;0.10749999999999979;2835.65671594305
;;;;
;;2.5;0.11349999999999978;2706.4130923446855
;;;;
;;2.8000000000000003;0.11849999999999976;2574.5386618313078
;;;;
;;3.1;0.12449999999999978;2442.737608452906
;;;;
;303975.0;;;
;;;;
;;0.4;0.0724999999999999;2594.996953650498
;;;;
;;0.7000000000000001;0.07649999999999989;2912.532336841327
;;;;
;;1.0;0.08149999999999986;3058.1451408223525
;;;;
;;1.3000000000000003;0.08649999999999985;3099.0208730272466
;;;;
;;1.6;0.09149999999999985;3057.3294857730057
;;;;
;;1.9;0.09649999999999982;2960.9554145735588
;;;;
;;2.2;0.10149999999999981;2839.4863805710365
;;;;
;;2.5;0.1064999999999998;2709.168724797158
;;;;
;;2.8000000000000003;0.11249999999999978;2576.42081427758
;;;;
;;3.1;0.11749999999999977;2443.9450517975533
;;;;
1833.0;;;;
;;;;
;101325.0;;;
;;;;
;;0.4;0.08749999999999986;2627.21077329562
;;;;
;;0.7000000000000001;0.08549999999999985;2870.513254605497
;;;;
;;1.0;0.08649999999999985;2983.551437254969
;;;;
;;1.3000000000000003;0.08849999999999984;3021.640386003253
;;;;
;;1.6;0.09049999999999984;3001.6586212819248
;;;;
;;1.9;0.09349999999999983;2937.97692328099
;;;;
;;2.2;0.09649999999999982;2848.5786706854315
;;;;
;;2.5;0.09949999999999981;2747.244828304587
;;;;
;;2.8000000000000003;0.10249999999999981;2640.707126282535
;;;;
;;3.1;0.1064999999999998;2531.6020894771445
;;;;
;123841.0;;;
;;;;
;;0.4;0.0724999999999999;2636.287116794653
;;;;
;;0.7000000000000001;0.0714999999999999;2887.294820265057
;;;;
;;1.0;0.0724999999999999;3004.1058105523093
;;;;
;;1.3000000000000003;0.07349999999999988;3043.056509368104
;;;;
;;1.6;0.07549999999999989;3021.5569779149832
;;;;
;;1.9;0.07849999999999988;2955.098242147614
;;;;
;;2.2;0.08049999999999986;2862.7427859078075
;;;;
;;2.5;0.08349999999999987;2758.6315400660283
;;;;
;;2.8000000000000003;0.08649999999999985;2649.542348674431
;;;;
;;3.1;0.08949999999999984;2538.151588705774
;;;;
;146358.0;;;
;;;;
;;0.4;0.06149999999999992;2643.6351406004137
;;;;
;;0.7000000000000001;0.06149999999999992;2901.181237649206
;;;;
;;1.0;0.06249999999999992;3021.216862817719
;;;;
;;1.3000000000000003;0.06349999999999992;3060.87308680152
;;;;
;;1.6;0.0654999999999999;3038.0186549877917
;;;;
;;1.9;0.06749999999999991;2969.154375919236
;;;;
;;2.2;0.0694999999999999;2874.2799497452847
;;;;
;;2.5;0.0724999999999999;2767.830316515611
;;;;
;;2.8000000000000003;0.07449999999999989;2656.616783709641
;;;;
;;3.1;0.07749999999999987;2543.346631497606
;;;;
;168875.0;;;
;;;;
;;0.4;0.054499999999999944;2649.7765616996467
;;;;
;;0.7000000000000001;0.05349999999999994;2913.0099364730954
;;;;
;;1.0;0.054499999999999944;3035.868811148224
;;;;
;;1.3000000000000003;0.05549999999999994;3076.1185831955445
;;;;
;;1.6;0.05749999999999993;3052.0340403801424
;;;;
;;1.9;0.05949999999999993;2981.04106835933
;;;;
;;2.2;0.06149999999999992;2883.969783538615
;;;;
;;2.5;0.06349999999999992;2775.5014264522174
;;;;
;;2.8000000000000003;0.0664999999999999;2662.471737504808
;;;;
;;3.1;0.06849999999999991;2547.6121064677113
;;;;
;191391.0;;;
;;;;
;;0.4;0.04849999999999996;2655.0307481924615
;;;;
;;0.7000000000000001;0.04749999999999996;2923.301522464878
;;;;
;;1.0;0.04849999999999996;3048.6760841818946
;;;;
;;1.3000000000000003;0.050499999999999955;3089.4352649621787
;;;;
;;1.6;0.05149999999999995;3064.220001397628
;;;;
;;1.9;0.05349999999999994;2991.3136558330484
;;;;
;;2.2;0.05549999999999994;2892.29300078474
;;;;
;;2.5;0.05749999999999993;2782.0494739814153
;;;;
;;2.8000000000000003;0.05949999999999993;2667.4365137182654
;;;;
;;3.1;0.06149999999999992;2551.2043250789043
;;;;
;213908.0;;;
;;;;
;;0.4;0.043499999999999976;2659.607448846345
;;;;
;;0.7000000000000001;0.043499999999999976;2932.402814101827
;;;;
;;1.0;0.04449999999999997;3060.049591992783
;;;;
;;1.3000000000000003;0.04549999999999997;3101.2527555246925
;;;;
;;1.6;0.046499999999999965;3074.9881114476125
;;;;
;;1.9;0.04849999999999996;3000.341031334647
;;;;
;;2.2;0.050499999999999955;2899.567307369182
;;;;
;;2.5;0.05249999999999995;2787.7403433340005
;;;;
;;2.8000000000000003;0.054499999999999944;2671.7260915186857
;;;;
;;3.1;0.05649999999999994;2554.2893607547217
;;;;
;236425.0;;;
;;;;
;;0.4;0.039499999999999987;2663.650632664715
;;;;
;;0.7000000000000001;0.039499999999999987;2940.554652093675
;;;;
;;1.0;0.04049999999999998;3070.2755594507144
;;;;
;;1.3000000000000003;0.04149999999999998;3111.8703777971723
;;;;
;;1.6;0.043499999999999976;3084.6245382598026
;;;;
;;1.9;0.04449999999999997;3008.3787734621533
;;;;
;;2.2;0.046499999999999965;2906.0118994572617
;;;;
;;2.5;0.04849999999999996;2792.7566099331693
;;;;
;;2.8000000000000003;0.050499999999999955;2675.487279402952
;;;;
;;3.1;0.05149999999999995;2556.979912893002
;;;;
;258941.0;;;
;;;;
;;0.4;0.03649999999999999;2667.263561518695
;;;;
;;0.7000000000000001;0.03649999999999999;2947.931726835735
;;;;
;;1.0;0.03749999999999999;3079.562216767937
;;;;
;;1.3000000000000003;0.038499999999999986;3121.5059219835466
;;;;
;;1.6;0.039499999999999987;3093.337069082634
;;;;
;;1.9;0.04149999999999998;3015.611804785673
;;;;
;;2.2;0.042499999999999975;2911.7847339152595
;;;;
;;2.5;0.04449999999999997;2797.229245464791
;;;;
;;2.8000000000000003;0.046499999999999965;2678.824844943421
;;;;
;;3.1;0.04849999999999996;2559.355938188531
;;;;
;281458.0;;;
;;;;
;;0.4;0.034499999999999996;2670.52311747043
;;;;
;;0.7000000000000001;0.034499999999999996;2954.6656051119153
;;;;
;;1.0;0.034499999999999996;3088.066878731354
;;;;
;;1.3000000000000003;0.0355;3130.323932672381
;;;;
;;1.6;0.03749999999999999;3101.2823255710655
;;;;
;;1.9;0.038499999999999986;3022.178991342986
;;;;
;;2.2;0.04049999999999998;2917.003934221329
;;;;
;;2.5;0.04149999999999998;2801.2557473340266
;;;;
;;2.8000000000000003;0.043499999999999976;2681.8163803392436
;;;;
;;3.1;0.04449999999999997;2561.4763205164722
;;;;
;303975.0;;;
;;;;
;;0.4;0.03150000000000001;2673.4873264864596
;;;;
;;0.7000000000000001;0.03150000000000001;2960.8564131403987
;;;;
;;1.0;0.0325;3095.9095202635035
;;;;
;;1.3000000000000003;0.0335;3138.4499152532085
;;;;
;;1.6;0.034499999999999996;3108.5795978984165
;;;;
;;1.9;0.03649999999999999;3028.185826630089
;;;;
;;2.2;0.03749999999999999;2921.7589634701944
;;;;
;;2.5;0.039499999999999987;2804.909703144868
;;;;
;;2.8000000000000003;0.04049999999999998;2684.5202159789733
;;;;
;;3.1;0.042499999999999975;2563.3851280961526
;;;;
1966.0;;;;
;;;;
;101325.0;;;
;;;;
;;0.4;0.04449999999999997;2690.516460948397
;;;;
;;0.7000000000000001;0.042499999999999975;2909.8106657681956
;;;;
;;1.0;0.042499999999999975;3014.7066342170865
;;;;
;;1.3000000000000003;0.042499999999999975;3052.8464173298826
;;;;
;;1.6;0.043499999999999976;3039.844078841106
;;;;
;;1.9;0.04449999999999997;2987.6999482492974
;;;;
;;2.2;0.04549999999999997;2910.880530306816
;;;;
;;2.5;0.046499999999999965;2821.7049033579765
;;;;
;;2.8000000000000003;0.04849999999999996;2727.0666737125775
;;;;
;;3.1;0.049499999999999954;2629.8867269770976
;;;;
;123841.0;;;
;;;;
;;0.4;0.03649999999999999;2701.2683659179456
;;;;
;;0.7000000000000001;0.0355;2927.761271329399
;;;;
;;1.0;0.0355;3036.2270799520106
;;;;
;;1.3000000000000003;0.0355;3075.3470214617796
;;;;
;;1.6;0.03649999999999999;3061.2263698063944
;;;;
;;1.9;0.03649999999999999;3006.730359926824
;;;;
;;2.2;0.03749999999999999;2927.233399334435
;;;;
;;2.5;0.038499999999999986;2835.4495997029703
;;;;
;;2.8000000000000003;0.04049999999999998;2738.3424815300614
;;;;
;;3.1;0.04149999999999998;2638.854309804169
;;;;
;146358.0;;;
;;;;
;;0.4;0.03150000000000001;2710.0196176863346
;;;;
;;0.7000000000000001;0.03050000000000001;2942.6403811242476
;;;;
;;1.0;0.03050000000000001;3054.1601556710953
;;;;
;;1.3000000000000003;0.03050000000000001;3094.094251477672
;;;;
;;1.6;0.03050000000000001;3078.968036413477
;;;;
;;1.9;0.03150000000000001;3022.424082664453
;;;;
;;2.2;0.0325;2940.631595683544
;;;;
;;2.5;0.0335;2846.6346198327496
;;;;
;;2.8000000000000003;0.034499999999999996;2747.4511270419957
;;;;
;;3.1;0.0355;2646.0405432547345
;;;;
;168875.0;;;
;;;;
;;0.4;0.02750000000000001;2717.36750977702
;;;;
;;0.7000000000000001;0.026500000000000006;2955.3333210438354
;;;;
;;1.0;0.026500000000000006;3069.528925724119
;;;;
;;1.3000000000000003;0.026500000000000006;3110.1573518259565
;;;;
;;1.6;0.02750000000000001;3094.1126195871257
;;;;
;;1.9;0.02750000000000001;3035.7479408839813
;;;;
;;2.2;0.028500000000000008;2951.9419544677335
;;;;
;;2.5;0.029500000000000012;2856.0210669067837
;;;;
;;2.8000000000000003;0.03050000000000001;2755.046695614949
;;;;
;;3.1;0.03150000000000001;2651.9921191075578
;;;;
;191391.0;;;
;;;;
;;0.4;0.024500000000000004;2723.679213117364
;;;;
;;0.7000000000000001;0.02350000000000001;2966.3911735964994
;;;;
;;1.0;0.02350000000000001;3082.972598928713
;;;;
;;1.3000000000000003;0.02350000000000001;3124.204734972
;;;;
;;1.6;0.024500000000000004;3107.3112531187803
;;;;
;;1.9;0.024500000000000004;3047.303080821103
;;;;
;;2.2;0.02550000000000001;2961.701158720412
;;;;
;;2.5;0.026500000000000006;2864.0779088613413
;;;;
;;2.8000000000000003;0.02750000000000001;2761.529981197009
;;;;
;;3.1;0.02750000000000001;2657.0418460387086
;;;;
;213908.0;;;
;;;;
;;0.4;0.02150000000000001;2729.196794978485
;;;;
;;0.7000000000000001;0.02150000000000001;2976.181488085574
;;;;
;;1.0;0.02150000000000001;3094.9189792729935
;;;;
;;1.3000000000000003;0.02150000000000001;3136.6839380286697
;;;;
;;1.6;0.02150000000000001;3118.9991058082205
;;;;
;;1.9;0.022500000000000006;3057.489915749644
;;;;
;;2.2;0.02350000000000001;2970.2652579226587
;;;;
;;2.5;0.02350000000000001;2871.11489007027
;;;;
;;2.8000000000000003;0.024500000000000004;2767.164351897679
;;;;
;;3.1;0.02550000000000001;2661.40712595775
;;;;
;236425.0;;;
;;;;
;;0.4;0.019500000000000007;2734.0869340244294
;;;;
;;0.7000000000000001;0.019500000000000007;2984.959735653667
;;;;
;;1.0;0.019500000000000007;3105.6662368876437
;;;;
;;1.3000000000000003;0.019500000000000007;3147.906998225931
;;;;
;;1.6;0.019500000000000007;3129.4791587895106
;;;;
;;1.9;0.020500000000000004;3066.5864782794524
;;;;
;;2.2;0.02150000000000001;2977.880675091014
;;;;
;;2.5;0.02150000000000001;2877.3456003841357
;;;;
;;2.8000000000000003;0.022500000000000006;2772.1306481633014
;;;;
;;3.1;0.02350000000000001;2665.236499069127
;;;;
;258941.0;;;
;;;;
;;0.4;0.018500000000000003;2738.469539522887
;;;;
;;0.7000000000000001;0.017500000000000005;2992.9113849256332
;;;;
;;1.0;0.017500000000000005;3115.4314169296604
;;;;
;;1.3000000000000003;0.017500000000000005;3158.1011229469395
;;;;
;;1.6;0.018500000000000003;3138.971700797862
;;;;
;;1.9;0.018500000000000003;3074.794375083919
;;;;
;;2.2;0.019500000000000007;2984.7255273961428
;;;;
;;2.5;0.020500000000000004;2882.9238779797824
;;;;
;;2.8000000000000003;0.020500000000000004;2776.5585924063107
;;;;
;;3.1;0.02150000000000001;2668.6360204611065
;;;;
;281458.0;;;
;;;;
;;0.4;0.0165;2742.434156277303
;;;;
;;0.7000000000000001;0.0165;3000.176247390942
;;;;
;;1.0;0.0165;3124.378589320312
;;;;
;;1.3000000000000003;0.0165;3167.438104506403
;;;;
;;1.6;0.017500000000000005;3147.6430131515676
;;;;
;;1.9;0.017500000000000005;3082.265345937397
;;;;
;;2.2;0.018500000000000003;2990.9334299084157
;;;;
;;2.5;0.018500000000000003;2887.964707301983
;;;;
;;2.8000000000000003;0.019500000000000007;2780.544749218941
;;;;
;;3.1;0.019500000000000007;2671.684273163019
;;;;
;303975.0;;;
;;;;
;;0.4;0.015500000000000003;2746.0485208780865
;;;;
;;0.7000000000000001;0.015500000000000003;3006.8607910402447
;;;;
;;1.0;0.015500000000000003;3132.632930445251
;;;;
;;1.3000000000000003;0.015500000000000003;3176.0490436833975
;;;;
;;1.6;0.015500000000000003;3155.61986375523
;;;;
;;1.9;0.0165;3089.1148490526048
;;;;
;;2.2;0.0165;2996.6058101685376
;;;;
;;2.5;0.017500000000000005;2892.55514026806
;;;;
;;2.8000000000000003;0.017500000000000005;2784.1619993531
;;;;
;;3.1;0.018500000000000003;2674.440354506459
;;;;
2100.0;;;;
;;;;
;101325.0;;;
;;;;
;;0.4;0.024500000000000004;2749.0391699412394
;;;;
;;0.7000000000000001;0.02350000000000001;2947.542140985363
;;;;
;;1.0;0.022500000000000006;3045.1530698195743
;;;;
;;1.3000000000000003;0.02350000000000001;3082.9895893320277
;;;;
;;1.6;0.02350000000000001;3075.526646675798
;;;;
;;1.9;0.02350000000000001;3033.0894358965056
;;;;
;;2.2;0.024500000000000004;2967.389594491949
;;;;
;;2.5;0.02550000000000001;2889.1758237608424
;;;;
;;2.8000000000000003;0.02550000000000001;2805.2635496121843
;;;;
;;3.1;0.026500000000000006;2718.888450967631
;;;;
;123841.0;;;
;;;;
;;0.4;0.020500000000000004;2761.414048984246
;;;;
;;0.7000000000000001;0.019500000000000007;2966.6270292397953
;;;;
;;1.0;0.018500000000000003;3067.626241237085
;;;;
;;1.3000000000000003;0.018500000000000003;3106.52705859747
;;;;
;;1.6;0.019500000000000007;3098.270822635504
;;;;
;;1.9;0.019500000000000007;3053.872462918726
;;;;
;;2.2;0.020500000000000004;2985.7944272558266
;;;;
;;2.5;0.020500000000000004;2905.184832583174
;;;;
;;2.8000000000000003;0.02150000000000001;2818.9573289472655
;;;;
;;3.1;0.02150000000000001;2730.362791871348
;;;;
;146358.0;;;
;;;;
;;0.4;0.017500000000000005;2771.531709755862
;;;;
;;0.7000000000000001;0.0165;2982.470258034833
;;;;
;;1.0;0.0165;3086.3712026605504
;;;;
;;1.3000000000000003;0.0165;3126.1643077469685
;;;;
;;1.6;0.0165;3117.188045090876
;;;;
;;1.9;0.0165;3071.0746188176154
;;;;
;;2.2;0.017500000000000005;3000.947052064181
;;;;
;;2.5;0.017500000000000005;2918.291912736037
;;;;
;;2.8000000000000003;0.018500000000000003;2830.1020613338387
;;;;
;;3.1;0.018500000000000003;2739.64035263
;;;;
;168875.0;;;
;;;;
;;0.4;0.015500000000000003;2780.059954820871
;;;;
;;0.7000000000000001;0.014500000000000004;2996.0032303058765
;;;;
;;1.0;0.014500000000000004;3102.4488652386044
;;;;
;;1.3000000000000003;0.014500000000000004;3143.0094852600478
;;;;
;;1.6;0.014500000000000004;3133.3704561683053
;;;;
;;1.9;0.014500000000000004;3085.726392086921
;;;;
;;2.2;0.015500000000000003;3013.792731478093
;;;;
;;2.5;0.015500000000000003;2929.3496239185215
;;;;
;;2.8000000000000003;0.015500000000000003;2839.455537254242
;;;;
;;3.1;0.0165;2747.382905197139
;;;;
;191391.0;;;
;;;;
;;0.4;0.013500000000000003;2787.4106791687636
;;;;
;;0.7000000000000001;0.012500000000000002;3007.806378709475
;;;;
;;1.0;0.012500000000000002;3116.5226081505034
;;;;
;;1.3000000000000003;0.012500000000000002;3157.755951787039
;;;;
;;1.6;0.012500000000000002;3147.500507324478
;;;;
;;1.9;0.013500000000000003;3098.46998907182
;;;;
;;2.2;0.013500000000000003;3024.9185967669814
;;;;
;;2.5;0.013500000000000003;2938.885549298284
;;;;
;;2.8000000000000003;0.014500000000000004;2847.484716915933
;;;;
;;3.1;0.014500000000000004;2753.996244422021
;;;;
;213908.0;;;
;;;;
;;0.4;0.011500000000000002;2793.8562731320126
;;;;
;;0.7000000000000001;0.011500000000000002;3018.2672369068555
;;;;
;;1.0;0.011500000000000002;3129.0367292104397
;;;;
;;1.3000000000000003;0.011500000000000002;3170.8683402192287
;;;;
;;1.6;0.011500000000000002;3160.0349254904995
;;;;
;;1.9;0.011500000000000002;3109.7341008276094
;;;;
;;2.2;0.012500000000000002;3034.715343185431
;;;;
;;2.5;0.012500000000000002;2947.2495395242104
;;;;
;;2.8000000000000003;0.012500000000000002;2854.4980388766617
;;;;
;;3.1;0.013500000000000003;2759.747199535996
;;;;
;236425.0;;;
;;;;
;;0.4;0.0105;2799.5847682520025
;;;;
;;0.7000000000000001;0.0105;3027.6553923448487
;;;;
;;1.0;0.0105;3140.301071998871
;;;;
;;1.3000000000000003;0.0105;3182.670823089181
;;;;
;;1.6;0.0105;3171.292048286789
;;;;
;;1.9;0.0105;3119.8169156514923
;;;;
;;2.2;0.0105;3043.4540397782193
;;;;
;;2.5;0.011500000000000002;2954.6836359503623
;;;;
;;2.8000000000000003;0.011500000000000002;2860.7082044039
;;;;
;;3.1;0.011500000000000002;2764.819088023328
;;;;
;258941.0;;;
;;;;
;;0.4;0.0095;2804.731763366459
;;;;
;;0.7000000000000001;0.0095;3036.166719714291
;;;;
;;1.0;0.0095;3150.541301818258
;;;;
;;1.3000000000000003;0.0095;3193.3995977104337
;;;;
;;1.6;0.0095;3181.5035797711207
;;;;
;;1.9;0.0095;3128.9350281930947
;;;;
;;2.2;0.0105;3051.331089769735
;;;;
;;2.5;0.0105;2961.362724316153
;;;;
;;2.8000000000000003;0.0105;2866.2684198765805
;;;;
;;3.1;0.011500000000000002;2769.3434776766917
;;;;
;281458.0;;;
;;;;
;;0.4;0.0095;2809.398767270625
;;;;
;;0.7000000000000001;0.0085;3043.9489964418876
;;;;
;;1.0;0.0085;3159.928099983151
;;;;
;;1.3000000000000003;0.0085;3203.233376318588
;;;;
;;1.6;0.0085;3190.844620881962
;;;;
;;1.9;0.0095;3137.2517559992752
;;;;
;;2.2;0.0095;3058.4941942657883
;;;;
;;2.5;0.0095;2967.4179460072637
;;;;
;;2.8000000000000003;0.0095;2871.293203855586
;;;;
;;3.1;0.0105;2773.418357506999
;;;;
;303975.0;;;
;;;;
;;0.4;0.0085;2813.662705718387
;;;;
;;0.7000000000000001;0.0085;3051.1148213379347
;;;;
;;1.0;0.0085;3168.591738249039
;;;;
;;1.3000000000000003;0.0085;3212.308602389006
;;;;
;;1.6;0.0085;3199.4487650832734
;;;;
;;1.9;0.0085;3144.8915222902906
;;;;
;;2.2;0.0085;3065.0556736555254
;;;;
;;2.5;0.0085;2972.948823818763
;;;;
;;2.8000000000000003;0.0095;2875.8692591555614
;;;;
;;3.1;0.0095;2777.117713095716
;;;;
2233.0;;;;
;;;;
;101325.0;;;
;;;;
;;0.4;0.014500000000000004;2802.627938396714
;;;;
;;0.7000000000000001;0.013500000000000003;2983.3301864820396
;;;;
;;1.0;0.013500000000000003;3074.4729113904496
;;;;
;;1.3000000000000003;0.013500000000000003;3111.7652786939657
;;;;
;;1.6;0.013500000000000003;3108.646026391115
;;;;
;;1.9;0.014500000000000004;3074.2196139292205
;;;;
;;2.2;0.014500000000000004;3018.1055665775216
;;;;
;;2.5;0.014500000000000004;2949.5458089126014
;;;;
;;2.8000000000000003;0.015500000000000003;2875.056771980985
;;;;
;;3.1;0.015500000000000003;2798.112162647902
;;;;
;123841.0;;;
;;;;
;;0.4;0.012500000000000002;2816.535476326087
;;;;
;;0.7000000000000001;0.011500000000000002;3003.5018840648872
;;;;
;;1.0;0.011500000000000002;3097.8700958457603
;;;;
;;1.3000000000000003;0.011500000000000002;3136.283732802419
;;;;
;;1.6;0.011500000000000002;3132.630588687325
;;;;
;;1.9;0.011500000000000002;3096.584695573531
;;;;
;;2.2;0.011500000000000002;3038.3848998194444
;;;;
;;2.5;0.012500000000000002;2967.6551612102476
;;;;
;;2.8000000000000003;0.012500000000000002;2891.0351481203134
;;;;
;;3.1;0.012500000000000002;2812.01863988869
;;;;
;146358.0;;;
;;;;
;;0.4;0.0105;2827.948337762927
;;;;
;;0.7000000000000001;0.0095;3020.269919975215
;;;;
;;1.0;0.0095;3117.403606001711
;;;;
;;1.3000000000000003;0.0095;3156.763328359917
;;;;
;;1.6;0.0095;3152.618800993926
;;;;
;;1.9;0.0095;3115.151486329172
;;;;
;;2.2;0.0105;3055.1466781315694
;;;;
;;2.5;0.0105;2982.555295254019
;;;;
;;2.8000000000000003;0.0105;2904.1184873674188
;;;;
;;3.1;0.0105;2823.345792427548
;;;;
;168875.0;;;
;;;;
;;0.4;0.0085;2837.5991568761765
;;;;
;;0.7000000000000001;0.0085;3034.6094182809247
;;;;
;;1.0;0.0085;3134.1706399663226
;;;;
;;1.3000000000000003;0.0085;3174.348915520286
;;;;
;;1.6;0.0085;3169.7470350564713
;;;;
;;1.9;0.0085;3131.0070538468303
;;;;
;;2.2;0.0085;3069.4056859165075
;;;;
;;2.5;0.0095;2995.180069713614
;;;;
;;2.8000000000000003;0.0095;2915.1571515745145
;;;;
;;3.1;0.0095;2832.8591486866067
;;;;
;191391.0;;;
;;;;
;;0.4;0.0075;2845.9410301018065
;;;;
;;0.7000000000000001;0.0075;3047.128694828348
;;;;
;;1.0;0.0075;3148.8577714336566
;;;;
;;1.3000000000000003;0.0075;3189.75739560387
;;;;
;;1.6;0.0075;3184.726230576581
;;;;
;;1.9;0.0075;3144.830101753026
;;;;
;;2.2;0.0075;3081.7938334183996
;;;;
;;2.5;0.0085;3006.109302142681
;;;;
;;2.8000000000000003;0.0085;2924.6774016633913
;;;;
;;3.1;0.0085;2841.030719419454
;;;;
;213908.0;;;
;;;;
;;0.4;0.006499999999999999;2853.274334268785
;;;;
;;0.7000000000000001;0.006499999999999999;3058.234286557921
;;;;
;;1.0;0.006499999999999999;3161.925142117118
;;;;
;;1.3000000000000003;0.006499999999999999;3203.4695358544564
;;;;
;;1.6;0.006499999999999999;3198.0327178441116
;;;;
;;1.9;0.006499999999999999;3157.074465560002
;;;;
;;2.2;0.0075;3092.732614083546
;;;;
;;2.5;0.0075;3015.728676646685
;;;;
;;2.8000000000000003;0.0075;2933.0282346893664
;;;;
;;3.1;0.0075;2848.172451720875
;;;;
;236425.0;;;
;;;;
;;0.4;0.006499999999999999;2859.8068380288005
;;;;
;;0.7000000000000001;0.006499999999999999;3068.2092164757187
;;;;
;;1.0;0.0055;3173.6938164060593
;;;;
;;1.3000000000000003;0.0055;3215.8209637523155
;;;;
;;1.6;0.006499999999999999;3209.9987942049274
;;;;
;;1.9;0.006499999999999999;3168.056258626934
;;;;
;;2.2;0.006499999999999999;3102.5150282553445
;;;;
;;2.5;0.006499999999999999;3024.305704157108
;;;;
;;2.8000000000000003;0.006499999999999999;2940.45111467411
;;;;
;;3.1;0.006499999999999999;2854.4995650062947
;;;;
;258941.0;;;
;;;;
;;0.4;0.0055;2865.68866257088
;;;;
;;0.7000000000000001;0.0055;3077.2592707639355
;;;;
;;1.0;0.0055;3184.397752126731
;;;;
;;1.3000000000000003;0.0055;3227.0563637608734
;;;;
;;1.6;0.0055;3220.8665379619642
;;;;
;;1.9;0.0055;3178.005408602817
;;;;
;;2.2;0.0055;3111.3537708103613
;;;;
;;2.5;0.006499999999999999;3032.0341520147254
;;;;
;;2.8000000000000003;0.006499999999999999;2947.1205195885536
;;;;
;;3.1;0.006499999999999999;2860.16714793812
;;;;
;281458.0;;;
;;;;
;;0.4;0.0055;2871.0324103324115
;;;;
;;0.7000000000000001;0.0055;3085.539821045781
;;;;
;;1.0;0.0055;3194.2139957929057
;;;;
;;1.3000000000000003;0.0055;3237.3609822659932
;;;;
;;1.6;0.0055;3230.8190640115745
;;;;
;;1.9;0.0055;3187.0955387804906
;;;;
;;2.2;0.0055;3119.4091123313215
;;;;
;;2.5;0.0055;3039.0596935704802
;;;;
;;2.8000000000000003;0.0055;2953.16729226245
;;;;
;;3.1;0.0055;2865.2911776787932
;;;;
;303975.0;;;
;;;;
;;0.4;0.0045;2875.9235352425544
;;;;
;;0.7000000000000001;0.0045;3093.169313680093
;;;;
;;1.0;0.0045;3203.277725759707
;;;;
;;1.3000000000000003;0.0045;3246.8763082953355
;;;;
;;1.6;0.0045;3239.996166173471
;;;;
;;1.9;0.0045;3195.459052449371
;;;;
;;2.2;0.0055;3126.8031001201575
;;;;
;;2.5;0.0055;3045.4930828293586
;;;;
;;2.8000000000000003;0.0055;2958.6907325740544
;;;;
;;3.1;0.0055;2869.9594908275635
;;;;
2366.0;;;;
;;;;
;101325.0;;;
;;;;
;;0.4;0.0095;2852.3805713024176
;;;;
;;0.7000000000000001;0.0085;3017.625823505052
;;;;
;;1.0;0.0085;3102.944432635348
;;;;
;;1.3000000000000003;0.0085;3139.5296393705717
;;;;
;;1.6;0.0085;3139.858162175276
;;;;
;;1.9;0.0095;3112.092679825001
;;;;
;;2.2;0.0095;3064.2571851941807
;;;;
;;2.5;0.0095;3004.227459726687
;;;;
;;2.8000000000000003;0.0095;2938.059552735981
;;;;
;;3.1;0.0095;2869.3459691547687
;;;;
;123841.0;;;
;;;;
;;0.4;0.0075;2867.7414212832705
;;;;
;;0.7000000000000001;0.0075;3038.8484619788956
;;;;
;;1.0;0.006499999999999999;3127.243333283027
;;;;
;;1.3000000000000003;0.0075;3164.9867751598795
;;;;
;;1.6;0.0075;3164.990124907617
;;;;
;;1.9;0.0075;3135.900238199737
;;;;
;;2.2;0.0075;3086.2539912751236
;;;;
;;2.5;0.0075;3024.279242124056
;;;;
;;2.8000000000000003;0.0075;2956.172880048956
;;;;
;;3.1;0.0085;2885.558224247509
;;;;
;146358.0;;;
;;;;
;;0.4;0.006499999999999999;2880.385731154201
;;;;
;;0.7000000000000001;0.0055;3056.5118870066462
;;;;
;;1.0;0.0055;3147.5473948168687
;;;;
;;1.3000000000000003;0.0055;3186.2727154352956
;;;;
;;1.6;0.006499999999999999;3185.9691058154917
;;;;
;;1.9;0.006499999999999999;3155.7129647375673
;;;;
;;2.2;0.006499999999999999;3104.4943181164676
;;;;
;;2.5;0.006499999999999999;3040.8444953394164
;;;;
;;2.8000000000000003;0.006499999999999999;2971.078033268667
;;;;
;;3.1;0.006499999999999999;2898.8429495872965
;;;;
;168875.0;;;
;;;;
;;0.4;0.0055;2891.106416480426
;;;;
;;0.7000000000000001;0.0055;3071.6330618208785
;;;;
;;1.0;0.0055;3164.988850796846
;;;;
;;1.3000000000000003;0.0055;3204.567316204854
;;;;
;;1.6;0.0055;3203.9724139334335
;;;;
;;1.9;0.0055;3172.6690449369544
;;;;
;;2.2;0.0055;3120.055324417927
;;;;
;;2.5;0.0055;3054.9299750292002
;;;;
;;2.8000000000000003;0.0055;2983.7083423307977
;;;;
;;3.1;0.006499999999999999;2910.0587923733187
;;;;
;191391.0;;;
;;;;
;;0.4;0.0045;2900.3949411688463
;;;;
;;0.7000000000000001;0.0045;3084.847013723479
;;;;
;;1.0;0.0045;3180.2766884724647
;;;;
;;1.3000000000000003;0.0045;3220.609936272249
;;;;
;;1.6;0.0045;3219.737346452613
;;;;
;;1.9;0.0045;3187.4801533361765
;;;;
;;2.2;0.0045;3133.609123421913
;;;;
;;2.5;0.0055;3067.1624036220605
;;;;
;;2.8000000000000003;0.0055;2994.643345673703
;;;;
;;3.1;0.0055;2919.7374152311468
;;;;
;213908.0;;;
;;;;
;;0.4;0.0045;2908.577780271065
;;;;
;;0.7000000000000001;0.0045;3096.578504286129
;;;;
;;1.0;0.0045;3193.886372188616
;;;;
;;1.3000000000000003;0.0045;3234.8967379410087
;;;;
;;1.6;0.0045;3233.758364976927
;;;;
;;1.9;0.0045;3200.622841107024
;;;;
;;2.2;0.0045;3145.604882662368
;;;;
;;2.5;0.0045;3077.959694597639
;;;;
;;2.8000000000000003;0.0045;3004.268572532093
;;;;
;;3.1;0.0045;2928.231566820547
;;;;
;236425.0;;;
;;;;
;;0.4;0.0035;2915.8811264109554
;;;;
;;0.7000000000000001;0.0035;3107.123451518072
;;;;
;;1.0;0.0035;3206.1498248342928
;;;;
;;1.3000000000000003;0.0035;3247.774280466591
;;;;
;;1.6;0.0035;3246.380674552539
;;;;
;;1.9;0.0035;3212.4294139215244
;;;;
;;2.2;0.0045;3156.355319514951
;;;;
;;2.5;0.0045;3087.6122930011065
;;;;
;;2.8000000000000003;0.0045;3012.851443220508
;;;;
;;3.1;0.0045;2935.7854030194894
;;;;
;258941.0;;;
;;;;
;;0.4;0.0035;2922.4686727265007
;;;;
;;0.7000000000000001;0.0035;3116.6971618511143
;;;;
;;1.0;0.0035;3217.309033649793
;;;;
;;1.3000000000000003;0.0035;3259.495349155911
;;;;
;;1.6;0.0035;3257.855943687008
;;;;
;;1.9;0.0035;3223.1418440678053
;;;;
;;2.2;0.0035;3166.0877854853948
;;;;
;;2.5;0.0035;3096.3309901050975
;;;;
;;2.8000000000000003;0.0035;3020.5856717302368
;;;;
;;3.1;0.0035;2942.5754142702003
;;;;
;281458.0;;;
;;;;
;;0.4;0.0035;2928.4634013834734
;;;;
;;0.7000000000000001;0.0035;3125.462307473546
;;;;
;;1.0;0.0035;3227.5472130055396
;;;;
;;1.3000000000000003;0.0035;3270.251428590703
;;;;
;;1.6;0.0035;3268.3746939732955
;;;;
;;1.9;0.0035;3232.9430667451247
;;;;
;;2.2;0.0035;3174.9738703720645
;;;;
;;2.5;0.0035;3104.2745835523097
;;;;
;;2.8000000000000003;0.0035;3027.616900493078
;;;;
;;3.1;0.0035;2948.734004501422
;;;;
;303975.0;;;
;;;;
;;0.4;0.0035;2933.9587517468344
;;;;
;;0.7000000000000001;0.0024999999999999996;3133.5429591156667
;;;;
;;1.0;0.0024999999999999996;3237.0042985249106
;;;;
;;1.3000000000000003;0.0024999999999999996;3280.188825205963
;;;;
;;1.6;0.0024999999999999996;3278.0824487206037
;;;;
;;1.9;0.0035;3241.9726952545775
;;;;
;;2.2;0.0035;3183.1443837820393
;;;;
;;2.5;0.0035;3111.563978764333
;;;;
;;2.8000000000000003;0.0035;3034.055865105124
;;;;
;;3.1;0.0035;2954.361687253284
;;;;
2500.0;;;;
;;;;
;101325.0;;;
;;;;
;;0.4;0.006499999999999999;2899.186446472193
;;;;
;;0.7000000000000001;0.0055;3050.8183907237967
;;;;
;;1.0;0.0055;3130.828366239894
;;;;
;;1.3000000000000003;0.0055;3166.5946341635395
;;;;
;;1.6;0.0055;3169.689138242992
;;;;
;;1.9;0.006499999999999999;3147.5096097348774
;;;;
;;2.2;0.006499999999999999;3106.849954101393
;;;;
;;2.5;0.006499999999999999;3054.391101504713
;;;;
;;2.8000000000000003;0.006499999999999999;2995.6315115578295
;;;;
;;3.1;0.006499999999999999;2934.1582323268512
;;;;
;123841.0;;;
;;;;
;;0.4;0.0045;2915.9355717954095
;;;;
;;0.7000000000000001;0.0045;3073.065748003575
;;;;
;;1.0;0.0045;3156.0128094457186
;;;;
;;1.3000000000000003;0.0045;3192.9593573882917
;;;;
;;1.6;0.0045;3195.8981416523657
;;;;
;;1.9;0.0045;3172.647920619688
;;;;
;;2.2;0.0055;3130.430552158107
;;;;
;;2.5;0.0055;3076.2434211653213
;;;;
;;2.8000000000000003;0.0055;3015.7350030075527
;;;;
;;3.1;0.0055;2952.535419786374
;;;;
;146358.0;;;
;;;;
;;0.4;0.0045;2929.7586630853943
;;;;
;;0.7000000000000001;0.0035;3091.603355410921
;;;;
;;1.0;0.0035;3177.0745345651817
;;;;
;;1.3000000000000003;0.0035;3215.025261896138
;;;;
;;1.6;0.0045;3217.8071011435477
;;;;
;;1.9;0.0045;3193.6109968988403
;;;;
;;2.2;0.0045;3150.0370412391776
;;;;
;;2.5;0.0045;3094.3567970149415
;;;;
;;2.8000000000000003;0.0045;3032.3453692148964
;;;;
;;3.1;0.0045;2967.66808797854
;;;;
;168875.0;;;
;;;;
;;0.4;0.0035;2941.505326323141
;;;;
;;0.7000000000000001;0.0035;3107.488533347679
;;;;
;;1.0;0.0035;3195.179848462235
;;;;
;;1.3000000000000003;0.0035;3234.0059371909433
;;;;
;;1.6;0.0035;3236.6317966456118
;;;;
;;1.9;0.0035;3211.583955034018
;;;;
;;2.2;0.0035;3166.8032828203504
;;;;
;;2.5;0.0035;3109.804066987721
;;;;
;;2.8000000000000003;0.0035;3046.4709640078077
;;;;
;;3.1;0.0045;2980.4988787569714
;;;;
;191391.0;;;
;;;;
;;0.4;0.0035;2951.703153296457
;;;;
;;0.7000000000000001;0.0024999999999999996;3121.382101132331
;;;;
;;1.0;0.0024999999999999996;3211.059551719901
;;;;
;;1.3000000000000003;0.0035;3250.662386972315
;;;;
;;1.6;0.0035;3253.1342861183975
;;;;
;;1.9;0.0035;3227.3087317029767
;;;;
;;2.2;0.0035;3181.4379484353353
;;;;
;;2.5;0.0035;3123.2545099769386
;;;;
;;2.8000000000000003;0.0035;3058.7395722651772
;;;;
;;3.1;0.0035;2991.613383132561
;;;;
;213908.0;;;
;;;;
;;0.4;0.0024999999999999996;2960.703224031976
;;;;
;;0.7000000000000001;0.0024999999999999996;3133.7264345879034
;;;;
;;1.0;0.0024999999999999996;3225.204031303942
;;;;
;;1.3000000000000003;0.0024999999999999996;3265.505614522738
;;;;
;;1.6;0.0024999999999999996;3267.8260590174755
;;;;
;;1.9;0.0024999999999999996;3241.282724736516
;;;;
;;2.2;0.0024999999999999996;3194.4153815641353
;;;;
;;2.5;0.0035;3135.155309583602
;;;;
;;2.8000000000000003;0.0035;3069.569857524431
;;;;
;;3.1;0.0035;3001.401324500179
;;;;
;236425.0;;;
;;;;
;;0.4;0.0024999999999999996;2968.7491176318404
;;;;
;;0.7000000000000001;0.0024999999999999996;3144.829924386001
;;;;
;;1.0;0.0024999999999999996;3237.9557906166806
;;;;
;;1.3000000000000003;0.0024999999999999996;3278.892719104266
;;;;
;;1.6;0.0024999999999999996;3281.064439750878
;;;;
;;1.9;0.0024999999999999996;3253.8530967537763
;;;;
;;2.2;0.0024999999999999996;3206.066240609911
;;;;
;;2.5;0.0024999999999999996;3145.817752438947
;;;;
;;2.8000000000000003;0.0024999999999999996;3079.2528093229353
;;;;
;;3.1;0.0024999999999999996;3010.133127741396
;;;;
;258941.0;;;
;;;;
;;0.4;0.0024999999999999996;2976.017346250011
;;;;
;;0.7000000000000001;0.0024999999999999996;3154.9170929049724
;;;;
;;1.0;0.0024999999999999996;3249.564645170686
;;;;
;;1.3000000000000003;0.0024999999999999996;3291.0842976330223
;;;;
;;1.6;0.0024999999999999996;3293.110099340831
;;;;
;;1.9;0.0024999999999999996;3265.272870305577
;;;;
;;2.2;0.0024999999999999996;3216.631218054854
;;;;
;;2.5;0.0024999999999999996;3155.4681130682065
;;;;
;;2.8000000000000003;0.0024999999999999996;3087.9996306116286
;;;;
;;3.1;0.0024999999999999996;3018.0047499654843
;;;;
;281458.0;;;
;;;;
;;0.4;0.0024999999999999996;2982.6407062067947
;;;;
;;0.7000000000000001;0.0024999999999999996;3164.1576845920913
;;;;
;;1.0;0.0024999999999999996;3260.21982627908
;;;;
;;1.3000000000000003;0.0024999999999999996;3302.2778513022035
;;;;
;;1.6;0.0024999999999999996;3304.160511078074
;;;;
;;1.9;0.0024999999999999996;3275.733524057393
;;;;
;;2.2;0.0024999999999999996;3226.2922129590625
;;;;
;;2.5;0.0024999999999999996;3164.277138523984
;;;;
;;2.8000000000000003;0.0024999999999999996;3095.9694415986633
;;;;
;;3.1;0.0024999999999999996;3025.1635725677843
;;;;
;303975.0;;;
;;;;
;;0.4;0.0015;2988.72019135881
;;;;
;;0.7000000000000001;0.0015;3172.6812220758025
;;;;
;;1.0;0.0015;3270.0659119623924
;;;;
;;1.3000000000000003;0.0015;3312.6243335094036
;;;;
;;1.6;0.0015;3314.366574678855
;;;;
;;1.9;0.0024999999999999996;3285.381285134141
;;;;
;;2.2;0.0024999999999999996;3235.1880157604164
;;;;
;;2.5;0.0024999999999999996;3172.3749806317555
;;;;
;;2.8000000000000003;0.0024999999999999996;3103.283400280387
;;;;
;;3.1;0.0024999999999999996;3031.7216816731634
